true_class,scratch_accuracy,scratch_images,pretrained_accuracy,pretrained_images,scratch_percent,pretrained_percent,improvement_points,species
00004_Animalia_Arthropoda_Arachnida_Araneae_Agelenidae_Eratigena_duellica,0.3,10,0.5,10,30.0,50.0,20.0,Eratigena duellica
00011_Animalia_Arthropoda_Arachnida_Araneae_Araneidae_Araneus_quadratus,0.3,10,0.7,10,30.0,70.0,40.0,Araneus quadratus
00054_Animalia_Arthropoda_Arachnida_Araneae_Dysderidae_Dysdera_crocata,0.3,10,0.7,10,30.0,70.0,40.0,Dysdera crocata
00059_Animalia_Arthropoda_Arachnida_Araneae_Lycosidae_Hogna_radiata,0.4,10,0.5,10,40.0,50.0,10.0,Hogna radiata
00064_Animalia_Arthropoda_Arachnida_Araneae_Pholcidae_Holocnemus_pluchei,0.6,10,0.7,10,60.0,70.0,10.0,Holocnemus pluchei
00098_Animalia_Arthropoda_Arachnida_Araneae_Salticidae_Salticus_scenicus,0.2,10,0.8,10,20.0,80.0,60.0,Salticus scenicus
00104_Animalia_Arthropoda_Arachnida_Araneae_Sparassidae_Micrommata_virescens,0.3,10,0.6,10,30.0,60.0,30.0,Micrommata virescens
00118_Animalia_Arthropoda_Arachnida_Araneae_Theridiidae_Latrodectus_mactans,0.5,10,0.5,10,50.0,50.0,0.0,Latrodectus mactans
00121_Animalia_Arthropoda_Arachnida_Araneae_Theridiidae_Steatoda_capensis,0.2,10,0.7,10,20.0,70.0,50.0,Steatoda capensis
00159_Animalia_Arthropoda_Chilopoda_Scolopendromorpha_Scolopendridae_Scolopendra_heros,0.3,10,0.8,10,30.0,80.0,50.0,Scolopendra heros
00172_Animalia_Arthropoda_Hexanauplia_Sessilia_Balanidae_Semibalanus_balanoides,0.6,10,1.0,10,60.0,100.0,40.0,Semibalanus balanoides
00248_Animalia_Arthropoda_Insecta_Coleoptera_Cerambycidae_Rhagium_inquisitor,0.4,10,0.8,10,40.0,80.0,40.0,Rhagium inquisitor
00258_Animalia_Arthropoda_Insecta_Coleoptera_Cerambycidae_Tetraopes_femoratus,0.6,10,0.9,10,60.0,90.0,30.0,Tetraopes femoratus
00271_Animalia_Arthropoda_Insecta_Coleoptera_Chrysomelidae_Chrysochus_auratus,0.7,10,0.9,10,70.0,90.0,20.0,Chrysochus auratus
00281_Animalia_Arthropoda_Insecta_Coleoptera_Chrysomelidae_Diabrotica_balteata,0.5,10,0.6,10,50.0,60.0,10.0,Diabrotica balteata
00300_Animalia_Arthropoda_Insecta_Coleoptera_Cleridae_Trichodes_apiarius,0.9,10,1.0,10,90.0,100.0,10.0,Trichodes apiarius
00305_Animalia_Arthropoda_Insecta_Coleoptera_Coccinellidae_Calvia_quatuordecimguttata,0.8,10,1.0,10,80.0,100.0,20.0,Calvia quatuordecimguttata
00312_Animalia_Arthropoda_Insecta_Coleoptera_Coccinellidae_Coccinella_trifasciata,0.4,10,0.6,10,40.0,60.0,20.0,Coccinella trifasciata
00333_Animalia_Arthropoda_Insecta_Coleoptera_Coccinellidae_Psyllobora_vigintimaculata,0.5,10,0.7,10,50.0,70.0,20.0,Psyllobora vigintimaculata
00334_Animalia_Arthropoda_Insecta_Coleoptera_Curculionidae_Cactophagus_spinolae,0.5,10,0.8,10,50.0,80.0,30.0,Cactophagus spinolae
00417_Animalia_Arthropoda_Insecta_Coleoptera_Zopheridae_Phloeodes_diabolicus,0.7,10,0.9,10,70.0,90.0,20.0,Phloeodes diabolicus
00473_Animalia_Arthropoda_Insecta_Diptera_Syrphidae_Eupeodes_corollae,0.5,10,0.7,10,50.0,70.0,20.0,Eupeodes corollae
00484_Animalia_Arthropoda_Insecta_Diptera_Syrphidae_Paragus_haemorrhous,0.2,10,0.6,10,20.0,60.0,40.0,Paragus haemorrhous
00493_Animalia_Arthropoda_Insecta_Diptera_Syrphidae_Toxomerus_politus,0.4,10,0.9,10,40.0,90.0,50.0,Toxomerus politus
00501_Animalia_Arthropoda_Insecta_Diptera_Tachinidae_Trichopoda_pennipes,0.6,10,0.8,10,60.0,80.0,20.0,Trichopoda pennipes
00533_Animalia_Arthropoda_Insecta_Hemiptera_Cicadellidae_Graphocephala_fennahi,0.9,10,0.8,10,90.0,80.0,-10.0,Graphocephala fennahi
00552_Animalia_Arthropoda_Insecta_Hemiptera_Cicadidae_Neotibicen_superbus,0.2,10,0.6,10,20.0,60.0,40.0,Neotibicen superbus
00570_Animalia_Arthropoda_Insecta_Hemiptera_Coreidae_Leptoglossus_phyllopus,0.2,10,0.7,10,20.0,70.0,50.0,Leptoglossus phyllopus
00630_Animalia_Arthropoda_Insecta_Hemiptera_Pentatomidae_Nezara_viridula,0.2,10,0.6,10,20.0,60.0,40.0,Nezara viridula
00652_Animalia_Arthropoda_Insecta_Hemiptera_Reduviidae_Pselliopus_barberi,0.4,10,0.9,10,40.0,90.0,50.0,Pselliopus barberi
00661_Animalia_Arthropoda_Insecta_Hemiptera_Rhopalidae_Boisea_trivittata,0.2,10,0.6,10,20.0,60.0,40.0,Boisea trivittata
00665_Animalia_Arthropoda_Insecta_Hemiptera_Rhyparochromidae_Rhyparochromus_vulgaris,0.5,10,0.8,10,50.0,80.0,30.0,Rhyparochromus vulgaris
00688_Animalia_Arthropoda_Insecta_Hymenoptera_Apidae_Bombus_huntii,0.1,10,0.3,10,10.0,30.0,20.0,Bombus huntii
00728_Animalia_Arthropoda_Insecta_Hymenoptera_Cynipidae_Amphibolips_quercusjuglans,0.6,10,0.9,10,60.0,90.0,30.0,Amphibolips quercusjuglans
00737_Animalia_Arthropoda_Insecta_Hymenoptera_Evaniidae_Evania_appendigaster,0.7,10,0.9,10,70.0,90.0,20.0,Evania appendigaster
00756_Animalia_Arthropoda_Insecta_Hymenoptera_Formicidae_Linepithema_humile,0.1,10,0.4,10,10.0,40.0,30.0,Linepithema humile
00758_Animalia_Arthropoda_Insecta_Hymenoptera_Formicidae_Myrmecia_pilosula,0.5,10,0.7,10,50.0,70.0,20.0,Myrmecia pilosula
00771_Animalia_Arthropoda_Insecta_Hymenoptera_Formicidae_Veromessor_pergandei,0.9,10,0.8,10,90.0,80.0,-10.0,Veromessor pergandei
00805_Animalia_Arthropoda_Insecta_Hymenoptera_Sphecidae_Sphex_ichneumoneus,0.6,10,0.6,10,60.0,60.0,0.0,Sphex ichneumoneus
00820_Animalia_Arthropoda_Insecta_Hymenoptera_Vespidae_Monobia_quadridens,0.4,10,0.6,10,40.0,60.0,20.0,Monobia quadridens
00870_Animalia_Arthropoda_Insecta_Lepidoptera_Crambidae_Chrysoteuchia_topiarius,0.6,10,0.9,10,60.0,90.0,30.0,Chrysoteuchia topiarius
00915_Animalia_Arthropoda_Insecta_Lepidoptera_Crambidae_Palpita_quadristigmalis,0.9,10,1.0,10,90.0,100.0,10.0,Palpita quadristigmalis
00934_Animalia_Arthropoda_Insecta_Lepidoptera_Crambidae_Pyrausta_purpuralis,0.6,10,0.9,10,60.0,90.0,30.0,Pyrausta purpuralis
00937_Animalia_Arthropoda_Insecta_Lepidoptera_Crambidae_Pyrausta_volupialis,0.5,10,0.7,10,50.0,70.0,20.0,Pyrausta volupialis
00944_Animalia_Arthropoda_Insecta_Lepidoptera_Crambidae_Spoladea_recurvalis,0.7,10,0.8,10,70.0,80.0,10.0,Spoladea recurvalis
01002_Animalia_Arthropoda_Insecta_Lepidoptera_Erebidae_Catocala_neogama,0.4,10,0.9,10,40.0,90.0,50.0,Catocala neogama
01016_Animalia_Arthropoda_Insecta_Lepidoptera_Erebidae_Ctenucha_virginica,0.5,10,0.8,10,50.0,80.0,30.0,Ctenucha virginica
01039_Animalia_Arthropoda_Insecta_Lepidoptera_Erebidae_Halone_sejuncta,0.8,10,0.9,10,80.0,90.0,10.0,Halone sejuncta
01055_Animalia_Arthropoda_Insecta_Lepidoptera_Erebidae_Hypercompe_scribonia,0.3,10,0.6,10,30.0,60.0,30.0,Hypercompe scribonia
01078_Animalia_Arthropoda_Insecta_Lepidoptera_Erebidae_Melipotis_indomita,0.1,10,0.8,10,10.0,80.0,70.0,Melipotis indomita
01079_Animalia_Arthropoda_Insecta_Lepidoptera_Erebidae_Melipotis_jucunda,0.4,10,0.9,10,40.0,90.0,50.0,Melipotis jucunda
01085_Animalia_Arthropoda_Insecta_Lepidoptera_Erebidae_Mocis_marcida,0.5,10,0.9,10,50.0,90.0,40.0,Mocis marcida
01099_Animalia_Arthropoda_Insecta_Lepidoptera_Erebidae_Palthis_asopialis,0.7,10,0.9,10,70.0,90.0,20.0,Palthis asopialis
01106_Animalia_Arthropoda_Insecta_Lepidoptera_Erebidae_Perina_nuda,0.5,10,0.5,10,50.0,50.0,0.0,Perina nuda
01134_Animalia_Arthropoda_Insecta_Lepidoptera_Erebidae_Utetheisa_pulchella,0.8,10,0.8,10,80.0,80.0,0.0,Utetheisa pulchella
01136_Animalia_Arthropoda_Insecta_Lepidoptera_Erebidae_Virbia_laeta,0.6,10,0.8,10,60.0,80.0,20.0,Virbia laeta
01137_Animalia_Arthropoda_Insecta_Lepidoptera_Erebidae_Zale_horrida,0.7,10,0.9,10,70.0,90.0,20.0,Zale horrida
01153_Animalia_Arthropoda_Insecta_Lepidoptera_Geometridae_Aplocera_plagiata,0.4,10,1.0,10,40.0,100.0,60.0,Aplocera plagiata
01158_Animalia_Arthropoda_Insecta_Lepidoptera_Geometridae_Cabera_pusaria,0.3,10,0.9,10,30.0,90.0,60.0,Cabera pusaria
01180_Animalia_Arthropoda_Insecta_Lepidoptera_Geometridae_Crocallis_elinguaria,0.2,10,0.8,10,20.0,80.0,60.0,Crocallis elinguaria
01198_Animalia_Arthropoda_Insecta_Lepidoptera_Geometridae_Dysstroma_truncata,0.3,10,0.5,10,30.0,50.0,20.0,Dysstroma truncata
01216_Animalia_Arthropoda_Insecta_Lepidoptera_Geometridae_Eusarca_confusaria,0.6,10,0.9,10,60.0,90.0,30.0,Eusarca confusaria
01240_Animalia_Arthropoda_Insecta_Lepidoptera_Geometridae_Idaea_tacturata,0.6,10,0.9,10,60.0,90.0,30.0,Idaea tacturata
01252_Animalia_Arthropoda_Insecta_Lepidoptera_Geometridae_Lomographa_glomeraria,0.0,10,0.7,10,0.0,70.0,70.0,Lomographa glomeraria
01264_Animalia_Arthropoda_Insecta_Lepidoptera_Geometridae_Mellilla_xanthometata,0.2,10,0.5,10,20.0,50.0,30.0,Mellilla xanthometata
01284_Animalia_Arthropoda_Insecta_Lepidoptera_Geometridae_Peribatodes_rhomboidaria,0.5,10,0.8,10,50.0,80.0,30.0,Peribatodes rhomboidaria
01318_Animalia_Arthropoda_Insecta_Lepidoptera_Geometridae_Traminda_aventiaria,0.7,10,0.9,10,70.0,90.0,20.0,Traminda aventiaria
01339_Animalia_Arthropoda_Insecta_Lepidoptera_Hesperiidae_Atalopedes_campestris,0.2,10,0.5,10,20.0,50.0,30.0,Atalopedes campestris
01359_Animalia_Arthropoda_Insecta_Lepidoptera_Hesperiidae_Erynnis_funeralis,0.6,10,0.8,10,60.0,80.0,20.0,Erynnis funeralis
01364_Animalia_Arthropoda_Insecta_Lepidoptera_Hesperiidae_Erynnis_tages,0.3,10,0.8,10,30.0,80.0,50.0,Erynnis tages
01395_Animalia_Arthropoda_Insecta_Lepidoptera_Hesperiidae_Polites_sabuleti,0.1,10,0.4,10,10.0,40.0,30.0,Polites sabuleti
01397_Animalia_Arthropoda_Insecta_Lepidoptera_Hesperiidae_Polites_vibex,0.4,10,0.7,10,40.0,70.0,30.0,Polites vibex
01416_Animalia_Arthropoda_Insecta_Lepidoptera_Lasiocampidae_Lasiocampa_quercus,0.1,10,0.5,10,10.0,50.0,40.0,Lasiocampa quercus
01423_Animalia_Arthropoda_Insecta_Lepidoptera_Lasiocampidae_Tolype_laricis,0.5,10,0.8,10,50.0,80.0,30.0,Tolype laricis
01425_Animalia_Arthropoda_Insecta_Lepidoptera_Lasiocampidae_Trabala_vishnou,0.5,10,0.6,10,50.0,60.0,10.0,Trabala vishnou
01428_Animalia_Arthropoda_Insecta_Lepidoptera_Limacodidae_Apoda_y-inversum,0.5,10,0.9,10,50.0,90.0,40.0,Apoda y-inversum
01436_Animalia_Arthropoda_Insecta_Lepidoptera_Limacodidae_Prolimacodes_badia,0.5,10,0.5,10,50.0,50.0,0.0,Prolimacodes badia
01441_Animalia_Arthropoda_Insecta_Lepidoptera_Lycaenidae_Aricia_cramera,0.6,10,1.0,10,60.0,100.0,40.0,Aricia cramera
01493_Animalia_Arthropoda_Insecta_Lepidoptera_Lycaenidae_Leptotes_marina,0.1,10,0.9,10,10.0,90.0,80.0,Leptotes marina
01502_Animalia_Arthropoda_Insecta_Lepidoptera_Lycaenidae_Lycaena_heteronea,0.6,10,0.8,10,60.0,80.0,20.0,Lycaena heteronea
01537_Animalia_Arthropoda_Insecta_Lepidoptera_Lycaenidae_Talicada_nyseus,0.8,10,1.0,10,80.0,100.0,20.0,Talicada nyseus
01561_Animalia_Arthropoda_Insecta_Lepidoptera_Noctuidae_Acronicta_vinnula,0.7,10,0.7,10,70.0,70.0,0.0,Acronicta vinnula
01564_Animalia_Arthropoda_Insecta_Lepidoptera_Noctuidae_Agrotis_infusa,0.3,10,0.8,10,30.0,80.0,50.0,Agrotis infusa
01629_Animalia_Arthropoda_Insecta_Lepidoptera_Noctuidae_Feralia_comstocki,0.9,10,1.0,10,90.0,100.0,10.0,Feralia comstocki
01632_Animalia_Arthropoda_Insecta_Lepidoptera_Noctuidae_Helicoverpa_armigera,0.1,10,0.3,10,10.0,30.0,20.0,Helicoverpa armigera
01663_Animalia_Arthropoda_Insecta_Lepidoptera_Noctuidae_Mythimna_unipuncta,0.3,10,0.8,10,30.0,80.0,50.0,Mythimna unipuncta
01672_Animalia_Arthropoda_Insecta_Lepidoptera_Noctuidae_Orthodes_majuscula,0.5,10,0.8,10,50.0,80.0,30.0,Orthodes majuscula
01675_Animalia_Arthropoda_Insecta_Lepidoptera_Noctuidae_Orthosia_hibisci,0.4,10,0.6,10,40.0,60.0,20.0,Orthosia hibisci
01688_Animalia_Arthropoda_Insecta_Lepidoptera_Noctuidae_Polygrammate_hebraeicum,0.9,10,1.0,10,90.0,100.0,10.0,Polygrammate hebraeicum
01697_Animalia_Arthropoda_Insecta_Lepidoptera_Noctuidae_Psychomorpha_epimenis,0.8,10,1.0,10,80.0,100.0,20.0,Psychomorpha epimenis
01711_Animalia_Arthropoda_Insecta_Lepidoptera_Noctuidae_Sunira_bicolorago,0.3,10,0.6,10,30.0,60.0,30.0,Sunira bicolorago
01720_Animalia_Arthropoda_Insecta_Lepidoptera_Noctuidae_Xerociris_wilsonii,0.5,10,0.9,10,50.0,90.0,40.0,Xerociris wilsonii
01749_Animalia_Arthropoda_Insecta_Lepidoptera_Notodontidae_Peridea_basitriens,0.4,10,0.8,10,40.0,80.0,40.0,Peridea basitriens
01763_Animalia_Arthropoda_Insecta_Lepidoptera_Nymphalidae_Acraea_serena,0.7,10,0.7,10,70.0,70.0,0.0,Acraea serena
01773_Animalia_Arthropoda_Insecta_Lepidoptera_Nymphalidae_Anaea_aidea,0.0,10,0.8,10,0.0,80.0,80.0,Anaea aidea
01775_Animalia_Arthropoda_Insecta_Lepidoptera_Nymphalidae_Anartia_amathea,0.7,10,1.0,10,70.0,100.0,30.0,Anartia amathea
01793_Animalia_Arthropoda_Insecta_Lepidoptera_Nymphalidae_Biblis_hyperia,0.7,10,0.9,10,70.0,90.0,20.0,Biblis hyperia
01879_Animalia_Arthropoda_Insecta_Lepidoptera_Nymphalidae_Hypolimnas_misippus,0.7,10,0.9,10,70.0,90.0,20.0,Hypolimnas misippus
01889_Animalia_Arthropoda_Insecta_Lepidoptera_Nymphalidae_Junonia_lemonias,0.6,10,0.7,10,60.0,70.0,10.0,Junonia lemonias
01915_Animalia_Arthropoda_Insecta_Lepidoptera_Nymphalidae_Marpesia_chiron,0.4,10,0.7,10,40.0,70.0,30.0,Marpesia chiron
01950_Animalia_Arthropoda_Insecta_Lepidoptera_Nymphalidae_Phyciodes_graphica,0.6,10,0.7,10,60.0,70.0,10.0,Phyciodes graphica
01958_Animalia_Arthropoda_Insecta_Lepidoptera_Nymphalidae_Polygonia_faunus,0.8,10,0.9,10,80.0,90.0,10.0,Polygonia faunus
01972_Animalia_Arthropoda_Insecta_Lepidoptera_Nymphalidae_Speyeria_callippe,0.5,10,1.0,10,50.0,100.0,50.0,Speyeria callippe
02006_Animalia_Arthropoda_Insecta_Lepidoptera_Papilionidae_Iphiclides_podalirius,0.4,10,1.0,10,40.0,100.0,60.0,Iphiclides podalirius
02011_Animalia_Arthropoda_Insecta_Lepidoptera_Papilionidae_Papilio_bianor,0.4,10,0.6,10,40.0,60.0,20.0,Papilio bianor
02019_Animalia_Arthropoda_Insecta_Lepidoptera_Papilionidae_Papilio_garamas,0.4,10,0.5,10,40.0,50.0,10.0,Papilio garamas
02021_Animalia_Arthropoda_Insecta_Lepidoptera_Papilionidae_Papilio_helenus,0.4,10,0.9,10,40.0,90.0,50.0,Papilio helenus
02036_Animalia_Arthropoda_Insecta_Lepidoptera_Papilionidae_Papilio_xuthus,0.4,10,0.6,10,40.0,60.0,20.0,Papilio xuthus
02063_Animalia_Arthropoda_Insecta_Lepidoptera_Pieridae_Colias_croceus,0.7,10,1.0,10,70.0,100.0,30.0,Colias croceus
02096_Animalia_Arthropoda_Insecta_Lepidoptera_Pieridae_Pieris_oleracea,0.3,10,0.8,10,30.0,80.0,50.0,Pieris oleracea
02109_Animalia_Arthropoda_Insecta_Lepidoptera_Psychidae_Thyridopteryx_ephemeraeformis,0.1,10,0.8,10,10.0,80.0,70.0,Thyridopteryx ephemeraeformis
02117_Animalia_Arthropoda_Insecta_Lepidoptera_Pyralidae_Arta_statalis,0.4,10,0.9,10,40.0,90.0,50.0,Arta statalis
02194_Animalia_Arthropoda_Insecta_Lepidoptera_Sphingidae_Hemaris_diffinis,0.2,10,0.8,10,20.0,80.0,60.0,Hemaris diffinis
02206_Animalia_Arthropoda_Insecta_Lepidoptera_Sphingidae_Manduca_rustica,0.6,10,0.8,10,60.0,80.0,20.0,Manduca rustica
02207_Animalia_Arthropoda_Insecta_Lepidoptera_Sphingidae_Manduca_sexta,0.2,10,0.6,10,20.0,60.0,40.0,Manduca sexta
02221_Animalia_Arthropoda_Insecta_Lepidoptera_Sphingidae_Sphinx_ligustri,0.4,10,0.8,10,40.0,80.0,40.0,Sphinx ligustri
02236_Animalia_Arthropoda_Insecta_Lepidoptera_Tortricidae_Cenopis_pettitana,0.6,10,0.8,10,60.0,80.0,20.0,Cenopis pettitana
02240_Animalia_Arthropoda_Insecta_Lepidoptera_Tortricidae_Clepsis_melaleucana,0.6,10,1.0,10,60.0,100.0,40.0,Clepsis melaleucana
02244_Animalia_Arthropoda_Insecta_Lepidoptera_Tortricidae_Coelostathma_discopunctana,0.5,10,0.9,10,50.0,90.0,40.0,Coelostathma discopunctana
02273_Animalia_Arthropoda_Insecta_Lepidoptera_Zygaenidae_Harrisina_americana,0.5,10,0.6,10,50.0,60.0,10.0,Harrisina americana
02312_Animalia_Arthropoda_Insecta_Odonata_Aeshnidae_Aeshna_mixta,0.6,10,0.7,10,60.0,70.0,10.0,Aeshna mixta
02330_Animalia_Arthropoda_Insecta_Odonata_Calopterygidae_Calopteryx_aequabilis,0.3,10,0.7,10,30.0,70.0,40.0,Calopteryx aequabilis
02337_Animalia_Arthropoda_Insecta_Odonata_Calopterygidae_Matrona_cyanoptera,0.7,10,1.0,10,70.0,100.0,30.0,Matrona cyanoptera
02372_Animalia_Arthropoda_Insecta_Odonata_Coenagrionidae_Enallagma_durum,0.3,10,0.7,10,30.0,70.0,40.0,Enallagma durum
02406_Animalia_Arthropoda_Insecta_Odonata_Cordulegastridae_Cordulegaster_maculata,0.8,10,0.9,10,80.0,90.0,10.0,Cordulegaster maculata
02421_Animalia_Arthropoda_Insecta_Odonata_Gomphidae_Aphylla_angustifolia,0.6,10,0.8,10,60.0,80.0,20.0,Aphylla angustifolia
02453_Animalia_Arthropoda_Insecta_Odonata_Lestidae_Lestes_congener,0.3,10,0.7,10,30.0,70.0,40.0,Lestes congener
02462_Animalia_Arthropoda_Insecta_Odonata_Lestidae_Lestes_vigilax,0.3,10,0.4,10,30.0,40.0,10.0,Lestes vigilax
02473_Animalia_Arthropoda_Insecta_Odonata_Libellulidae_Brechmorhoga_mendax,0.6,10,0.7,10,60.0,70.0,10.0,Brechmorhoga mendax
02482_Animalia_Arthropoda_Insecta_Odonata_Libellulidae_Diplacodes_trivialis,0.4,10,0.5,10,40.0,50.0,10.0,Diplacodes trivialis
02500_Animalia_Arthropoda_Insecta_Odonata_Libellulidae_Leucorrhinia_hudsonica,0.2,10,0.4,10,20.0,40.0,20.0,Leucorrhinia hudsonica
02518_Animalia_Arthropoda_Insecta_Odonata_Libellulidae_Libellula_semifasciata,0.5,10,0.8,10,50.0,80.0,30.0,Libellula semifasciata
02527_Animalia_Arthropoda_Insecta_Odonata_Libellulidae_Neurothemis_taiwanensis,0.8,10,0.9,10,80.0,90.0,10.0,Neurothemis taiwanensis
02528_Animalia_Arthropoda_Insecta_Odonata_Libellulidae_Neurothemis_tullia,0.5,10,0.7,10,50.0,70.0,20.0,Neurothemis tullia
02542_Animalia_Arthropoda_Insecta_Odonata_Libellulidae_Orthetrum_sabina,0.2,10,0.6,10,20.0,60.0,40.0,Orthetrum sabina
02594_Animalia_Arthropoda_Insecta_Odonata_Platycnemididae_Platycnemis_pennipes,0.4,10,0.3,10,40.0,30.0,-10.0,Platycnemis pennipes
02685_Animalia_Arthropoda_Insecta_Orthoptera_Tettigoniidae_Scudderia_furcata,0.1,10,0.5,10,10.0,50.0,40.0,Scudderia furcata
02695_Animalia_Arthropoda_Insecta_Phasmida_Phasmatidae_Clitarchus_hookeri,0.1,10,0.6,10,10.0,60.0,50.0,Clitarchus hookeri
02745_Animalia_Arthropoda_Malacostraca_Isopoda_Armadillidiidae_Armadillidium_nasatum,0.2,10,0.5,10,20.0,50.0,30.0,Armadillidium nasatum
02765_Animalia_Chordata_Actinopterygii_Cypriniformes_Cyprinidae_Cyprinus_rubrofuscus,0.5,10,1.0,10,50.0,100.0,50.0,Cyprinus rubrofuscus
02789_Animalia_Chordata_Actinopterygii_Mugiliformes_Mugilidae_Mugil_cephalus,0.2,10,0.4,10,20.0,40.0,20.0,Mugil cephalus
02794_Animalia_Chordata_Actinopterygii_Perciformes_Acanthuridae_Naso_lituratus,0.6,10,0.8,10,60.0,80.0,20.0,Naso lituratus
02798_Animalia_Chordata_Actinopterygii_Perciformes_Carangidae_Trachurus_novaezelandiae,0.6,10,0.8,10,60.0,80.0,20.0,Trachurus novaezelandiae
02799_Animalia_Chordata_Actinopterygii_Perciformes_Centrarchidae_Ambloplites_rupestris,0.3,10,0.8,10,30.0,80.0,50.0,Ambloplites rupestris
02811_Animalia_Chordata_Actinopterygii_Perciformes_Chaetodontidae_Chaetodon_auriga,0.6,10,0.9,10,60.0,90.0,30.0,Chaetodon auriga
02843_Animalia_Chordata_Actinopterygii_Perciformes_Labridae_Thalassoma_bifasciatum,0.3,10,0.6,10,30.0,60.0,30.0,Thalassoma bifasciatum
02844_Animalia_Chordata_Actinopterygii_Perciformes_Labridae_Thalassoma_hardwicke,0.4,10,0.8,10,40.0,80.0,40.0,Thalassoma hardwicke
02852_Animalia_Chordata_Actinopterygii_Perciformes_Moronidae_Morone_americana,0.5,10,1.0,10,50.0,100.0,50.0,Morone americana
02859_Animalia_Chordata_Actinopterygii_Perciformes_Percidae_Perca_fluviatilis,0.4,10,0.4,10,40.0,40.0,0.0,Perca fluviatilis
02944_Animalia_Chordata_Amphibia_Anura_Bufonidae_Anaxyrus_cognatus,0.0,10,0.7,10,0.0,70.0,70.0,Anaxyrus cognatus
02947_Animalia_Chordata_Amphibia_Anura_Bufonidae_Anaxyrus_quercicus,0.3,10,0.6,10,30.0,60.0,30.0,Anaxyrus quercicus
02973_Animalia_Chordata_Amphibia_Anura_Craugastoridae_Pristimantis_achatinus,0.1,10,0.5,10,10.0,50.0,40.0,Pristimantis achatinus
02974_Animalia_Chordata_Amphibia_Anura_Dendrobatidae_Dendrobates_auratus,0.8,10,0.9,10,80.0,90.0,10.0,Dendrobates auratus
03005_Animalia_Chordata_Amphibia_Anura_Hylidae_Trachycephalus_typhonius,0.0,10,0.7,10,0.0,70.0,70.0,Trachycephalus typhonius
03085_Animalia_Chordata_Amphibia_Caudata_Plethodontidae_Eurycea_lucifuga,0.2,10,0.8,10,20.0,80.0,60.0,Eurycea lucifuga
03090_Animalia_Chordata_Amphibia_Caudata_Plethodontidae_Plethodon_cinereus,0.2,10,0.3,10,20.0,30.0,10.0,Plethodon cinereus
03092_Animalia_Chordata_Amphibia_Caudata_Plethodontidae_Plethodon_dorsalis,0.1,10,0.5,10,10.0,50.0,40.0,Plethodon dorsalis
03103_Animalia_Chordata_Amphibia_Caudata_Salamandridae_Salamandrina_perspicillata,0.4,10,0.6,10,40.0,60.0,20.0,Salamandrina perspicillata
03122_Animalia_Chordata_Aves_Accipitriformes_Accipitridae_Aquila_rapax,0.2,10,0.4,10,20.0,40.0,20.0,Aquila rapax
03132_Animalia_Chordata_Aves_Accipitriformes_Accipitridae_Buteo_regalis,0.4,10,0.7,10,40.0,70.0,30.0,Buteo regalis
03160_Animalia_Chordata_Aves_Accipitriformes_Accipitridae_Haliaeetus_albicilla,0.4,10,0.4,10,40.0,40.0,0.0,Haliaeetus albicilla
03193_Animalia_Chordata_Aves_Anseriformes_Anatidae_Anas_castanea,0.2,10,0.6,10,20.0,60.0,40.0,Anas castanea
03202_Animalia_Chordata_Aves_Anseriformes_Anatidae_Anas_poecilorhyncha,0.0,10,0.4,10,0.0,40.0,40.0,Anas poecilorhyncha
03222_Animalia_Chordata_Aves_Anseriformes_Anatidae_Aythya_novaeseelandiae,0.2,10,0.8,10,20.0,80.0,60.0,Aythya novaeseelandiae
03255_Animalia_Chordata_Aves_Anseriformes_Anatidae_Mareca_strepera,0.5,10,0.5,10,50.0,50.0,0.0,Mareca strepera
03270_Animalia_Chordata_Aves_Anseriformes_Anatidae_Spatula_discors,0.1,10,0.2,10,10.0,20.0,10.0,Spatula discors
03290_Animalia_Chordata_Aves_Caprimulgiformes_Caprimulgidae_Caprimulgus_europaeus,0.2,10,0.5,10,20.0,50.0,30.0,Caprimulgus europaeus
03295_Animalia_Chordata_Aves_Caprimulgiformes_Nyctibiidae_Nyctibius_griseus,0.5,10,0.8,10,50.0,80.0,30.0,Nyctibius griseus
03303_Animalia_Chordata_Aves_Caprimulgiformes_Trochilidae_Amazilia_yucatanensis,0.3,10,0.5,10,30.0,50.0,20.0,Amazilia yucatanensis
03308_Animalia_Chordata_Aves_Caprimulgiformes_Trochilidae_Boissonneaua_flavescens,0.5,10,0.6,10,50.0,60.0,10.0,Boissonneaua flavescens
03315_Animalia_Chordata_Aves_Caprimulgiformes_Trochilidae_Colibri_coruscans,0.4,10,0.6,10,40.0,60.0,20.0,Colibri coruscans
03335_Animalia_Chordata_Aves_Cathartiformes_Cathartidae_Sarcoramphus_papa,0.2,10,0.6,10,20.0,60.0,40.0,Sarcoramphus papa
03339_Animalia_Chordata_Aves_Charadriiformes_Alcidae_Cepphus_columba,0.2,10,0.6,10,20.0,60.0,40.0,Cepphus columba
03347_Animalia_Chordata_Aves_Charadriiformes_Burhinidae_Burhinus_vermiculatus,0.0,10,0.9,10,0.0,90.0,90.0,Burhinus vermiculatus
03356_Animalia_Chordata_Aves_Charadriiformes_Charadriidae_Charadrius_mongolus,0.2,10,0.7,10,20.0,70.0,50.0,Charadrius mongolus
03361_Animalia_Chordata_Aves_Charadriiformes_Charadriidae_Charadrius_semipalmatus,0.1,10,0.1,10,10.0,10.0,0.0,Charadrius semipalmatus
03364_Animalia_Chordata_Aves_Charadriiformes_Charadriidae_Charadrius_wilsonia,0.7,10,0.9,10,70.0,90.0,20.0,Charadrius wilsonia
03365_Animalia_Chordata_Aves_Charadriiformes_Charadriidae_Elseyornis_melanops,0.6,10,0.9,10,60.0,90.0,30.0,Elseyornis melanops
03370_Animalia_Chordata_Aves_Charadriiformes_Charadriidae_Vanellus_armatus,0.6,10,0.8,10,60.0,80.0,20.0,Vanellus armatus
03400_Animalia_Chordata_Aves_Charadriiformes_Laridae_Chroicocephalus_novaehollandiae,0.6,10,0.8,10,60.0,80.0,20.0,Chroicocephalus novaehollandiae
03407_Animalia_Chordata_Aves_Charadriiformes_Laridae_Ichthyaetus_ichthyaetus,0.0,10,0.5,10,0.0,50.0,50.0,Ichthyaetus ichthyaetus
03422_Animalia_Chordata_Aves_Charadriiformes_Laridae_Larus_marinus,0.2,10,0.3,10,20.0,30.0,10.0,Larus marinus
03423_Animalia_Chordata_Aves_Charadriiformes_Laridae_Larus_michahellis,0.1,10,0.4,10,10.0,40.0,30.0,Larus michahellis
03429_Animalia_Chordata_Aves_Charadriiformes_Laridae_Rissa_tridactyla,0.1,10,0.6,10,10.0,60.0,50.0,Rissa tridactyla
03458_Animalia_Chordata_Aves_Charadriiformes_Scolopacidae_Calidris_fuscicollis,0.2,10,0.7,10,20.0,70.0,50.0,Calidris fuscicollis
03482_Animalia_Chordata_Aves_Charadriiformes_Scolopacidae_Numenius_phaeopus,0.2,10,0.2,10,20.0,20.0,0.0,Numenius phaeopus
03495_Animalia_Chordata_Aves_Charadriiformes_Scolopacidae_Tringa_semipalmata,0.3,10,0.5,10,30.0,50.0,20.0,Tringa semipalmata
03535_Animalia_Chordata_Aves_Columbiformes_Columbidae_Streptopelia_chinensis,0.1,10,0.4,10,10.0,40.0,30.0,Streptopelia chinensis
03538_Animalia_Chordata_Aves_Columbiformes_Columbidae_Streptopelia_semitorquata,0.3,10,0.7,10,30.0,70.0,40.0,Streptopelia semitorquata
03545_Animalia_Chordata_Aves_Columbiformes_Columbidae_Zenaida_auriculata,0.3,10,0.6,10,30.0,60.0,30.0,Zenaida auriculata
03564_Animalia_Chordata_Aves_Coraciiformes_Coraciidae_Coracias_benghalensis,0.6,10,0.9,10,60.0,90.0,30.0,Coracias benghalensis
03592_Animalia_Chordata_Aves_Falconiformes_Falconidae_Caracara_cheriway,0.1,10,0.7,10,10.0,70.0,60.0,Caracara cheriway
03603_Animalia_Chordata_Aves_Falconiformes_Falconidae_Falco_rupicolus,0.4,10,0.6,10,40.0,60.0,20.0,Falco rupicolus
03610_Animalia_Chordata_Aves_Falconiformes_Falconidae_Milvago_chimango,0.2,10,0.5,10,20.0,50.0,30.0,Milvago chimango
03625_Animalia_Chordata_Aves_Galliformes_Phasianidae_Alectoris_chukar,0.4,10,0.6,10,40.0,60.0,20.0,Alectoris chukar
03653_Animalia_Chordata_Aves_Gruiformes_Rallidae_Aramides_albiventris,0.7,10,0.9,10,70.0,90.0,20.0,Aramides albiventris
03657_Animalia_Chordata_Aves_Gruiformes_Rallidae_Fulica_armillata,0.7,10,0.3,10,70.0,30.0,-40.0,Fulica armillata
03659_Animalia_Chordata_Aves_Gruiformes_Rallidae_Fulica_cristata,0.5,10,0.7,10,50.0,70.0,20.0,Fulica cristata
03660_Animalia_Chordata_Aves_Gruiformes_Rallidae_Gallinula_chloropus,0.1,10,0.8,10,10.0,80.0,70.0,Gallinula chloropus
03668_Animalia_Chordata_Aves_Gruiformes_Rallidae_Porzana_carolina,0.4,10,0.5,10,40.0,50.0,10.0,Porzana carolina
03720_Animalia_Chordata_Aves_Passeriformes_Cardinalidae_Pheucticus_ludovicianus,0.3,10,0.5,10,30.0,50.0,20.0,Pheucticus ludovicianus
03722_Animalia_Chordata_Aves_Passeriformes_Cardinalidae_Piranga_bidentata,0.5,10,0.9,10,50.0,90.0,40.0,Piranga bidentata
03744_Animalia_Chordata_Aves_Passeriformes_Corvidae_Aphelocoma_woodhouseii,0.3,10,0.3,10,30.0,30.0,0.0,Aphelocoma woodhouseii
03767_Animalia_Chordata_Aves_Passeriformes_Corvidae_Dendrocitta_formosae,0.0,10,0.3,10,0.0,30.0,30.0,Dendrocitta formosae
03795_Animalia_Chordata_Aves_Passeriformes_Emberizidae_Emberiza_spodocephala,0.0,10,0.6,10,0.0,60.0,60.0,Emberiza spodocephala
03860_Animalia_Chordata_Aves_Passeriformes_Hirundinidae_Stelgidopteryx_ruficollis,0.5,10,0.6,10,50.0,60.0,10.0,Stelgidopteryx ruficollis
03917_Animalia_Chordata_Aves_Passeriformes_Malaconotidae_Dryoscopus_cubla,0.3,10,0.6,10,30.0,60.0,30.0,Dryoscopus cubla
03937_Animalia_Chordata_Aves_Passeriformes_Meliphagidae_Prosthemadera_novaeseelandiae,0.2,10,0.4,10,20.0,40.0,20.0,Prosthemadera novaeseelandiae
03941_Animalia_Chordata_Aves_Passeriformes_Mimidae_Melanotis_caerulescens,0.1,10,0.6,10,10.0,60.0,50.0,Melanotis caerulescens
03943_Animalia_Chordata_Aves_Passeriformes_Mimidae_Mimus_longicaudatus,0.1,10,0.4,10,10.0,40.0,30.0,Mimus longicaudatus
03954_Animalia_Chordata_Aves_Passeriformes_Monarchidae_Terpsiphone_viridis,0.4,10,0.6,10,40.0,60.0,20.0,Terpsiphone viridis
03969_Animalia_Chordata_Aves_Passeriformes_Motacillidae_Motacilla_capensis,0.5,10,0.9,10,50.0,90.0,40.0,Motacilla capensis
03989_Animalia_Chordata_Aves_Passeriformes_Muscicapidae_Myophonus_caeruleus,0.8,10,0.7,10,80.0,70.0,-10.0,Myophonus caeruleus
04002_Animalia_Chordata_Aves_Passeriformes_Nectariniidae_Aethopyga_siparaja,0.4,10,0.5,10,40.0,50.0,10.0,Aethopyga siparaja
04009_Animalia_Chordata_Aves_Passeriformes_Nectariniidae_Cinnyris_chalybeus,0.6,10,0.7,10,60.0,70.0,10.0,Cinnyris chalybeus
04012_Animalia_Chordata_Aves_Passeriformes_Nectariniidae_Leptocoma_zeylonica,0.1,10,0.4,10,10.0,40.0,30.0,Leptocoma zeylonica
04023_Animalia_Chordata_Aves_Passeriformes_Panuridae_Panurus_biarmicus,0.3,10,0.4,10,30.0,40.0,10.0,Panurus biarmicus
04053_Animalia_Chordata_Aves_Passeriformes_Parulidae_Leiothlypis_celata,0.6,10,0.7,10,60.0,70.0,10.0,Leiothlypis celata
04127_Animalia_Chordata_Aves_Passeriformes_Passerellidae_Zonotrichia_albicollis,0.5,10,0.8,10,50.0,80.0,30.0,Zonotrichia albicollis
04167_Animalia_Chordata_Aves_Passeriformes_Pycnonotidae_Hypsipetes_amaurotis,0.2,10,0.6,10,20.0,60.0,40.0,Hypsipetes amaurotis
04176_Animalia_Chordata_Aves_Passeriformes_Pycnonotidae_Pycnonotus_sinensis,0.0,10,0.3,10,0.0,30.0,30.0,Pycnonotus sinensis
04188_Animalia_Chordata_Aves_Passeriformes_Sittidae_Sitta_europaea,0.1,10,0.5,10,10.0,50.0,40.0,Sitta europaea
04207_Animalia_Chordata_Aves_Passeriformes_Sylviidae_Sylvia_curruca,0.1,10,0.4,10,10.0,40.0,30.0,Sylvia curruca
04211_Animalia_Chordata_Aves_Passeriformes_Thraupidae_Coereba_flaveola,0.4,10,0.8,10,40.0,80.0,40.0,Coereba flaveola
04220_Animalia_Chordata_Aves_Passeriformes_Thraupidae_Paroaria_coronata,0.8,10,0.9,10,80.0,90.0,10.0,Paroaria coronata
04231_Animalia_Chordata_Aves_Passeriformes_Thraupidae_Sicalis_luteola,0.6,10,0.7,10,60.0,70.0,10.0,Sicalis luteola
04274_Animalia_Chordata_Aves_Passeriformes_Turdidae_Sialia_mexicana,0.2,10,0.3,10,20.0,30.0,10.0,Sialia mexicana
04275_Animalia_Chordata_Aves_Passeriformes_Turdidae_Sialia_sialis,0.3,10,0.4,10,30.0,40.0,10.0,Sialia sialis
04293_Animalia_Chordata_Aves_Passeriformes_Tyrannidae_Contopus_cooperi,0.3,10,0.5,10,30.0,50.0,20.0,Contopus cooperi
04300_Animalia_Chordata_Aves_Passeriformes_Tyrannidae_Empidonax_flaviventris,0.1,10,0.7,10,10.0,70.0,60.0,Empidonax flaviventris
04304_Animalia_Chordata_Aves_Passeriformes_Tyrannidae_Empidonax_occidentalis,0.2,10,0.2,10,20.0,20.0,0.0,Empidonax occidentalis
04330_Animalia_Chordata_Aves_Passeriformes_Tyrannidae_Tyrannus_dominicensis,0.3,10,0.4,10,30.0,40.0,10.0,Tyrannus dominicensis
04360_Animalia_Chordata_Aves_Pelecaniformes_Ardeidae_Ardea_intermedia,0.5,10,0.7,10,50.0,70.0,20.0,Ardea intermedia
04382_Animalia_Chordata_Aves_Pelecaniformes_Ardeidae_Ixobrychus_minutus,0.2,10,0.1,10,20.0,10.0,-10.0,Ixobrychus minutus
04383_Animalia_Chordata_Aves_Pelecaniformes_Ardeidae_Ixobrychus_sinensis,0.2,10,0.7,10,20.0,70.0,50.0,Ixobrychus sinensis
04391_Animalia_Chordata_Aves_Pelecaniformes_Pelecanidae_Pelecanus_crispus,0.1,10,0.7,10,10.0,70.0,60.0,Pelecanus crispus
04393_Animalia_Chordata_Aves_Pelecaniformes_Pelecanidae_Pelecanus_occidentalis,0.1,10,0.2,10,10.0,20.0,10.0,Pelecanus occidentalis
04396_Animalia_Chordata_Aves_Pelecaniformes_Pelecanidae_Pelecanus_thagus,0.4,10,0.6,10,40.0,60.0,20.0,Pelecanus thagus
04434_Animalia_Chordata_Aves_Piciformes_Picidae_Dendrocopos_major,0.1,10,0.2,10,10.0,20.0,10.0,Dendrocopos major
04437_Animalia_Chordata_Aves_Piciformes_Picidae_Dinopium_benghalense,0.7,10,0.7,10,70.0,70.0,0.0,Dinopium benghalense
04465_Animalia_Chordata_Aves_Piciformes_Picidae_Sphyrapicus_thyroideus,0.4,10,0.6,10,40.0,60.0,20.0,Sphyrapicus thyroideus
04476_Animalia_Chordata_Aves_Podicipediformes_Podicipedidae_Podiceps_cristatus,0.6,10,0.8,10,60.0,80.0,20.0,Podiceps cristatus
04485_Animalia_Chordata_Aves_Podicipediformes_Podicipedidae_Tachybaptus_ruficollis,0.2,10,0.5,10,20.0,50.0,30.0,Tachybaptus ruficollis
04512_Animalia_Chordata_Aves_Psittaciformes_Psittacidae_Eupsittula_nana,0.3,10,0.6,10,30.0,60.0,30.0,Eupsittula nana
04541_Animalia_Chordata_Aves_Strigiformes_Strigidae_Asio_flammeus,0.1,10,0.4,10,10.0,40.0,30.0,Asio flammeus
04556_Animalia_Chordata_Aves_Strigiformes_Strigidae_Ninox_novaeseelandiae,0.1,10,0.4,10,10.0,40.0,30.0,Ninox novaeseelandiae
04566_Animalia_Chordata_Aves_Suliformes_Anhingidae_Anhinga_novaehollandiae,0.0,10,0.8,10,0.0,80.0,80.0,Anhinga novaehollandiae
04579_Animalia_Chordata_Aves_Suliformes_Phalacrocoracidae_Phalacrocorax_penicillatus,0.5,10,0.6,10,50.0,60.0,10.0,Phalacrocorax penicillatus
04581_Animalia_Chordata_Aves_Suliformes_Phalacrocoracidae_Phalacrocorax_sulcirostris,0.1,10,0.6,10,10.0,60.0,50.0,Phalacrocorax sulcirostris
04621_Animalia_Chordata_Mammalia_Artiodactyla_Bovidae_Boselaphus_tragocamelus,0.0,10,0.3,10,0.0,30.0,30.0,Boselaphus tragocamelus
04644_Animalia_Chordata_Mammalia_Artiodactyla_Camelidae_Lama_guanicoe,0.7,10,0.7,10,70.0,70.0,0.0,Lama guanicoe
04683_Animalia_Chordata_Mammalia_Carnivora_Felidae_Panthera_onca,0.4,10,0.8,10,40.0,80.0,40.0,Panthera onca
04708_Animalia_Chordata_Mammalia_Carnivora_Otariidae_Phocarctos_hookeri,0.3,10,0.6,10,30.0,60.0,30.0,Phocarctos hookeri
04739_Animalia_Chordata_Mammalia_Diprotodontia_Macropodidae_Macropus_rufogriseus,0.5,10,0.8,10,50.0,80.0,30.0,Macropus rufogriseus
04786_Animalia_Chordata_Mammalia_Primates_Cercopithecidae_Macaca_mulatta,0.0,10,0.3,10,0.0,30.0,30.0,Macaca mulatta
04791_Animalia_Chordata_Mammalia_Primates_Cercopithecidae_Trachypithecus_obscurus,0.5,10,0.8,10,50.0,80.0,30.0,Trachypithecus obscurus
04796_Animalia_Chordata_Mammalia_Rodentia_Caviidae_Cavia_aperea,0.2,10,0.7,10,20.0,70.0,50.0,Cavia aperea
04804_Animalia_Chordata_Mammalia_Rodentia_Cricetidae_Peromyscus_leucopus,0.2,10,0.5,10,20.0,50.0,30.0,Peromyscus leucopus
04848_Animalia_Chordata_Mammalia_Rodentia_Sciuridae_Sciurus_variegatoides,0.1,10,0.2,10,10.0,20.0,10.0,Sciurus variegatoides
04853_Animalia_Chordata_Mammalia_Rodentia_Sciuridae_Tamiasciurus_hudsonicus,0.3,10,0.3,10,30.0,30.0,0.0,Tamiasciurus hudsonicus
04860_Animalia_Chordata_Reptilia_Crocodylia_Alligatoridae_Caiman_crocodilus,0.3,10,0.2,10,30.0,20.0,-10.0,Caiman crocodilus
04866_Animalia_Chordata_Reptilia_Squamata_Agamidae_Acanthocercus_atricollis,0.3,10,0.5,10,30.0,50.0,20.0,Acanthocercus atricollis
04885_Animalia_Chordata_Reptilia_Squamata_Anguidae_Ophisaurus_attenuatus,0.1,10,0.6,10,10.0,60.0,50.0,Ophisaurus attenuatus
04887_Animalia_Chordata_Reptilia_Squamata_Boidae_Boa_constrictor,0.0,10,0.3,10,0.0,30.0,30.0,Boa constrictor
04889_Animalia_Chordata_Reptilia_Squamata_Boidae_Charina_bottae,0.5,10,0.8,10,50.0,80.0,30.0,Charina bottae
04898_Animalia_Chordata_Reptilia_Squamata_Colubridae_Cemophora_coccinea,0.6,10,0.6,10,60.0,60.0,0.0,Cemophora coccinea
04905_Animalia_Chordata_Reptilia_Squamata_Colubridae_Dendrelaphis_punctulatus,0.2,10,0.7,10,20.0,70.0,50.0,Dendrelaphis punctulatus
04919_Animalia_Chordata_Reptilia_Squamata_Colubridae_Lampropeltis_calligaster,0.2,10,0.3,10,20.0,30.0,10.0,Lampropeltis calligaster
04925_Animalia_Chordata_Reptilia_Squamata_Colubridae_Lampropeltis_triangulum,0.2,10,0.6,10,20.0,60.0,40.0,Lampropeltis triangulum
04933_Animalia_Chordata_Reptilia_Squamata_Colubridae_Natrix_maura,0.1,10,0.1,10,10.0,10.0,0.0,Natrix maura
04934_Animalia_Chordata_Reptilia_Squamata_Colubridae_Natrix_natrix,0.3,10,0.2,10,30.0,20.0,-10.0,Natrix natrix
04965_Animalia_Chordata_Reptilia_Squamata_Colubridae_Thamnophis_atratus,0.2,10,0.6,10,20.0,60.0,40.0,Thamnophis atratus
04966_Animalia_Chordata_Reptilia_Squamata_Colubridae_Thamnophis_cyrtopsis,0.1,10,0.6,10,10.0,60.0,50.0,Thamnophis cyrtopsis
04997_Animalia_Chordata_Reptilia_Squamata_Elapidae_Pseudechis_porphyriacus,0.4,10,0.5,10,40.0,50.0,10.0,Pseudechis porphyriacus
04998_Animalia_Chordata_Reptilia_Squamata_Eublepharidae_Coleonyx_variegatus,0.3,10,0.6,10,30.0,60.0,30.0,Coleonyx variegatus
05028_Animalia_Chordata_Reptilia_Squamata_Lamprophiidae_Pseudaspis_cana,0.0,10,0.2,10,0.0,20.0,20.0,Pseudaspis cana
05048_Animalia_Chordata_Reptilia_Squamata_Phrynosomatidae_Sceloporus_graciosus,0.1,10,0.5,10,10.0,50.0,40.0,Sceloporus graciosus
05056_Animalia_Chordata_Reptilia_Squamata_Phrynosomatidae_Sceloporus_poinsettii,0.1,10,0.6,10,10.0,60.0,50.0,Sceloporus poinsettii
05148_Animalia_Chordata_Reptilia_Testudines_Emydidae_Pseudemys_peninsularis,0.5,10,0.5,10,50.0,50.0,0.0,Pseudemys peninsularis
05151_Animalia_Chordata_Reptilia_Testudines_Emydidae_Terrapene_carolina,0.5,10,0.8,10,50.0,80.0,30.0,Terrapene carolina
05186_Animalia_Cnidaria_Anthozoa_Actiniaria_Metridiidae_Metridium_senile,0.1,10,0.7,10,10.0,70.0,60.0,Metridium senile
05191_Animalia_Cnidaria_Hydrozoa_Siphonophorae_Physaliidae_Physalia_physalis,0.6,10,0.7,10,60.0,70.0,10.0,Physalia physalis
05248_Animalia_Mollusca_Bivalvia_Venerida_Veneridae_Leukoma_staminea,0.6,10,0.7,10,60.0,70.0,10.0,Leukoma staminea
05250_Animalia_Mollusca_Bivalvia_Venerida_Veneridae_Ruditapes_philippinarum,0.0,10,0.7,10,0.0,70.0,70.0,Ruditapes philippinarum
05270_Animalia_Mollusca_Gastropoda_Littorinimorpha_Naticidae_Neverita_duplicata,0.4,10,1.0,10,40.0,100.0,60.0,Neverita duplicata
05292_Animalia_Mollusca_Gastropoda_Neogastropoda_Olividae_Olivella_biplicata,0.5,10,0.8,10,50.0,80.0,30.0,Olivella biplicata
05316_Animalia_Mollusca_Gastropoda_Nudibranchia_Goniodorididae_Okenia_rosacea,0.6,10,0.9,10,60.0,90.0,30.0,Okenia rosacea
05319_Animalia_Mollusca_Gastropoda_Nudibranchia_Onchidorididae_Acanthodoris_lutea,0.9,10,1.0,10,90.0,100.0,10.0,Acanthodoris lutea
05378_Animalia_Mollusca_Gastropoda_Trochida_Turbinidae_Megastraea_undosa,0.3,10,0.7,10,30.0,70.0,40.0,Megastraea undosa
05404_Fungi_Ascomycota_Lecanoromycetes_Lecanorales_Cladoniaceae_Cladonia_stellaris,0.8,10,1.0,10,80.0,100.0,20.0,Cladonia stellaris
05407_Fungi_Ascomycota_Lecanoromycetes_Lecanorales_Parmeliaceae_Evernia_prunastri,0.6,10,1.0,10,60.0,100.0,40.0,Evernia prunastri
05423_Fungi_Ascomycota_Lecanoromycetes_Lecanorales_Ramalinaceae_Ramalina_celastri,0.4,10,0.2,10,40.0,20.0,-20.0,Ramalina celastri
05428_Fungi_Ascomycota_Lecanoromycetes_Ostropales_Phlyctidaceae_Phlyctis_argena,0.8,10,0.7,10,80.0,70.0,-10.0,Phlyctis argena
05455_Fungi_Ascomycota_Pezizomycetes_Pezizales_Helvellaceae_Helvella_crispa,0.9,10,1.0,10,90.0,100.0,10.0,Helvella crispa
05460_Fungi_Ascomycota_Pezizomycetes_Pezizales_Sarcoscyphaceae_Sarcoscypha_austriaca,0.8,10,0.9,10,80.0,90.0,10.0,Sarcoscypha austriaca
05463_Fungi_Ascomycota_Pezizomycetes_Pezizales_Sarcosomataceae_Galiella_rufa,0.6,10,1.0,10,60.0,100.0,40.0,Galiella rufa
05475_Fungi_Basidiomycota_Agaricomycetes_Agaricales_Agaricaceae_Battarrea_phalloides,0.1,10,0.7,10,10.0,70.0,60.0,Battarrea phalloides
05476_Fungi_Basidiomycota_Agaricomycetes_Agaricales_Agaricaceae_Chlorophyllum_brunneum,0.6,10,0.8,10,60.0,80.0,20.0,Chlorophyllum brunneum
05509_Fungi_Basidiomycota_Agaricomycetes_Agaricales_Cyphellaceae_Chondrostereum_purpureum,0.9,10,0.9,10,90.0,90.0,0.0,Chondrostereum purpureum
05551_Fungi_Basidiomycota_Agaricomycetes_Agaricales_Physalacriaceae_Desarmillaria_tabescens,0.3,10,0.7,10,30.0,70.0,40.0,Desarmillaria tabescens
05591_Fungi_Basidiomycota_Agaricomycetes_Agaricales_Typhulaceae_Xeromphalina_campanella,0.4,10,0.8,10,40.0,80.0,40.0,Xeromphalina campanella
05606_Fungi_Basidiomycota_Agaricomycetes_Boletales_Boletaceae_Suillellus_amygdalinus,0.5,10,1.0,10,50.0,100.0,50.0,Suillellus amygdalinus
05612_Fungi_Basidiomycota_Agaricomycetes_Boletales_Pisolithaceae_Pisolithus_arhizus,0.3,10,0.7,10,30.0,70.0,40.0,Pisolithus arhizus
05649_Fungi_Basidiomycota_Agaricomycetes_Phallales_Phallaceae_Phallus_indusiatus,0.5,10,0.9,10,50.0,90.0,40.0,Phallus indusiatus
05717_Fungi_Basidiomycota_Dacrymycetes_Dacrymycetales_Dacrymycetaceae_Calocera_cornea,0.5,10,0.8,10,50.0,80.0,30.0,Calocera cornea
05746_Plantae_Bryophyta_Bryopsida_Hypnales_Hylocomiaceae_Pleurozium_schreberi,0.3,10,0.6,10,30.0,60.0,30.0,Pleurozium schreberi
05754_Plantae_Bryophyta_Bryopsida_Hypnales_Plagiotheciaceae_Plagiothecium_undulatum,0.7,10,0.8,10,70.0,80.0,10.0,Plagiothecium undulatum
05757_Plantae_Bryophyta_Bryopsida_Pottiales_Pottiaceae_Syntrichia_ruralis,0.5,10,0.7,10,50.0,70.0,20.0,Syntrichia ruralis
05770_Plantae_Marchantiophyta_Marchantiopsida_Lunulariales_Lunulariaceae_Lunularia_cruciata,0.5,10,1.0,10,50.0,100.0,50.0,Lunularia cruciata
05823_Plantae_Tracheophyta_Liliopsida_Arecales_Arecaceae_Chamaerops_humilis,0.7,10,0.8,10,70.0,80.0,10.0,Chamaerops humilis
05855_Plantae_Tracheophyta_Liliopsida_Asparagales_Amaryllidaceae_Haemanthus_sanguineus,0.8,10,0.9,10,80.0,90.0,10.0,Haemanthus sanguineus
05883_Plantae_Tracheophyta_Liliopsida_Asparagales_Asparagaceae_Bloomeria_crocea,0.7,10,0.7,10,70.0,70.0,0.0,Bloomeria crocea
05920_Plantae_Tracheophyta_Liliopsida_Asparagales_Asparagaceae_Polygonatum_biflorum,0.1,10,0.6,10,10.0,60.0,50.0,Polygonatum biflorum
05962_Plantae_Tracheophyta_Liliopsida_Asparagales_Iridaceae_Crocus_vernus,0.6,10,0.7,10,60.0,70.0,10.0,Crocus vernus
05972_Plantae_Tracheophyta_Liliopsida_Asparagales_Iridaceae_Iris_ruthenica,0.8,10,0.8,10,80.0,80.0,0.0,Iris ruthenica
05982_Plantae_Tracheophyta_Liliopsida_Asparagales_Iridaceae_Olsynium_douglasii,0.7,10,0.9,10,70.0,90.0,20.0,Olsynium douglasii
06001_Plantae_Tracheophyta_Liliopsida_Asparagales_Orchidaceae_Calypso_bulbosa,0.5,10,0.5,10,50.0,50.0,0.0,Calypso bulbosa
06023_Plantae_Tracheophyta_Liliopsida_Asparagales_Orchidaceae_Dactylorhiza_viridis,0.3,10,0.3,10,30.0,30.0,0.0,Dactylorhiza viridis
06052_Plantae_Tracheophyta_Liliopsida_Asparagales_Orchidaceae_Neotinea_ustulata,0.9,10,0.9,10,90.0,90.0,0.0,Neotinea ustulata
06063_Plantae_Tracheophyta_Liliopsida_Asparagales_Orchidaceae_Ophrys_sphegodes,0.8,10,0.7,10,80.0,70.0,-10.0,Ophrys sphegodes
06075_Plantae_Tracheophyta_Liliopsida_Asparagales_Orchidaceae_Platanthera_clavellata,0.2,10,0.3,10,20.0,30.0,10.0,Platanthera clavellata
06094_Plantae_Tracheophyta_Liliopsida_Asparagales_Orchidaceae_Spathoglottis_plicata,0.6,10,0.9,10,60.0,90.0,30.0,Spathoglottis plicata
06109_Plantae_Tracheophyta_Liliopsida_Commelinales_Commelinaceae_Tradescantia_fluminensis,0.3,10,0.3,10,30.0,30.0,0.0,Tradescantia fluminensis
06132_Plantae_Tracheophyta_Liliopsida_Liliales_Liliaceae_Calochortus_argillosus,0.8,10,1.0,10,80.0,100.0,20.0,Calochortus argillosus
06144_Plantae_Tracheophyta_Liliopsida_Liliales_Liliaceae_Calochortus_pulchellus,0.8,10,0.9,10,80.0,90.0,10.0,Calochortus pulchellus
06161_Plantae_Tracheophyta_Liliopsida_Liliales_Liliaceae_Fritillaria_atropurpurea,0.3,10,0.6,10,30.0,60.0,30.0,Fritillaria atropurpurea
06179_Plantae_Tracheophyta_Liliopsida_Liliales_Liliaceae_Lilium_superbum,0.8,10,0.8,10,80.0,80.0,0.0,Lilium superbum
06237_Plantae_Tracheophyta_Liliopsida_Poales_Cyperaceae_Carex_crinita,0.4,10,0.8,10,40.0,80.0,40.0,Carex crinita
06263_Plantae_Tracheophyta_Liliopsida_Poales_Cyperaceae_Carex_rosea,0.3,10,0.6,10,30.0,60.0,30.0,Carex rosea
06283_Plantae_Tracheophyta_Liliopsida_Poales_Cyperaceae_Cyperus_ustulatus,0.7,10,0.6,10,70.0,60.0,-10.0,Cyperus ustulatus
06313_Plantae_Tracheophyta_Liliopsida_Poales_Juncaceae_Luzula_multiflora,0.3,10,0.4,10,30.0,40.0,10.0,Luzula multiflora
06316_Plantae_Tracheophyta_Liliopsida_Poales_Poaceae_Achnatherum_miliaceum,0.1,10,0.4,10,10.0,40.0,30.0,Achnatherum miliaceum
06403_Plantae_Tracheophyta_Liliopsida_Poales_Poaceae_Oryzopsis_asperifolia,0.3,10,0.8,10,30.0,80.0,50.0,Oryzopsis asperifolia
06424_Plantae_Tracheophyta_Liliopsida_Poales_Poaceae_Setaria_pumila,0.3,10,0.8,10,30.0,80.0,50.0,Setaria pumila
06443_Plantae_Tracheophyta_Liliopsida_Poales_Typhaceae_Typha_angustifolia,0.9,10,1.0,10,90.0,100.0,10.0,Typha angustifolia
06453_Plantae_Tracheophyta_Liliopsida_Zingiberales_Musaceae_Musa_acuminata,0.2,10,0.6,10,20.0,60.0,40.0,Musa acuminata
06468_Plantae_Tracheophyta_Lycopodiopsida_Lycopodiales_Lycopodiaceae_Lycopodium_clavatum,0.6,10,0.7,10,60.0,70.0,10.0,Lycopodium clavatum
06493_Plantae_Tracheophyta_Magnoliopsida_Apiales_Apiaceae_Chaerophyllum_tainturieri,0.6,10,0.8,10,60.0,80.0,20.0,Chaerophyllum tainturieri
06515_Plantae_Tracheophyta_Magnoliopsida_Apiales_Apiaceae_Heracleum_sosnowskyi,0.1,10,0.4,10,10.0,40.0,30.0,Heracleum sosnowskyi
06553_Plantae_Tracheophyta_Magnoliopsida_Apiales_Araliaceae_Cussonia_spicata,0.2,10,0.5,10,20.0,50.0,30.0,Cussonia spicata
06555_Plantae_Tracheophyta_Magnoliopsida_Apiales_Araliaceae_Hedera_helix,0.3,10,0.6,10,30.0,60.0,30.0,Hedera helix
06574_Plantae_Tracheophyta_Magnoliopsida_Apiales_Pittosporaceae_Bursaria_spinosa,0.1,10,0.5,10,10.0,50.0,40.0,Bursaria spinosa
06582_Plantae_Tracheophyta_Magnoliopsida_Aquifoliales_Aquifoliaceae_Ilex_decidua,0.2,10,0.3,10,20.0,30.0,10.0,Ilex decidua
06589_Plantae_Tracheophyta_Magnoliopsida_Asterales_Argophyllaceae_Corokia_cotoneaster,0.3,10,0.6,10,30.0,60.0,30.0,Corokia cotoneaster
06601_Plantae_Tracheophyta_Magnoliopsida_Asterales_Asteraceae_Ageratum_houstonianum,0.4,10,0.6,10,40.0,60.0,20.0,Ageratum houstonianum
06641_Plantae_Tracheophyta_Magnoliopsida_Asterales_Asteraceae_Atrichoseris_platyphylla,0.6,10,0.7,10,60.0,70.0,10.0,Atrichoseris platyphylla
06642_Plantae_Tracheophyta_Magnoliopsida_Asterales_Asteraceae_Baccharis_halimifolia,0.1,10,0.2,10,10.0,20.0,10.0,Baccharis halimifolia
06650_Plantae_Tracheophyta_Magnoliopsida_Asterales_Asteraceae_Balsamorhiza_sagittata,0.5,10,0.5,10,50.0,50.0,0.0,Balsamorhiza sagittata
06666_Plantae_Tracheophyta_Magnoliopsida_Asterales_Asteraceae_Calendula_officinalis,0.4,10,0.7,10,40.0,70.0,30.0,Calendula officinalis
06671_Plantae_Tracheophyta_Magnoliopsida_Asterales_Asteraceae_Carduus_nutans,0.4,10,0.5,10,40.0,50.0,10.0,Carduus nutans
06688_Plantae_Tracheophyta_Magnoliopsida_Asterales_Asteraceae_Chaenactis_carphoclinia,0.5,10,0.6,10,50.0,60.0,10.0,Chaenactis carphoclinia
06751_Plantae_Tracheophyta_Magnoliopsida_Asterales_Asteraceae_Echinops_ritro,0.6,10,0.6,10,60.0,60.0,0.0,Echinops ritro
06762_Plantae_Tracheophyta_Magnoliopsida_Asterales_Asteraceae_Engelmannia_peristenia,0.5,10,0.5,10,50.0,50.0,0.0,Engelmannia peristenia
06795_Plantae_Tracheophyta_Magnoliopsida_Asterales_Asteraceae_Euthamia_graminifolia,0.5,10,0.4,10,50.0,40.0,-10.0,Euthamia graminifolia
06844_Plantae_Tracheophyta_Magnoliopsida_Asterales_Asteraceae_Hymenopappus_scabiosaeus,0.8,10,0.8,10,80.0,80.0,0.0,Hymenopappus scabiosaeus
06848_Plantae_Tracheophyta_Magnoliopsida_Asterales_Asteraceae_Inula_helenium,0.8,10,1.0,10,80.0,100.0,20.0,Inula helenium
06854_Plantae_Tracheophyta_Magnoliopsida_Asterales_Asteraceae_Ixeris_chinensis,0.2,10,0.7,10,20.0,70.0,50.0,Ixeris chinensis
06861_Plantae_Tracheophyta_Magnoliopsida_Asterales_Asteraceae_Lactuca_canadensis,0.0,10,0.2,10,0.0,20.0,20.0,Lactuca canadensis
06884_Plantae_Tracheophyta_Magnoliopsida_Asterales_Asteraceae_Madia_elegans,0.6,10,0.8,10,60.0,80.0,20.0,Madia elegans
06891_Plantae_Tracheophyta_Magnoliopsida_Asterales_Asteraceae_Matricaria_discoidea,0.6,10,0.8,10,60.0,80.0,20.0,Matricaria discoidea
06911_Plantae_Tracheophyta_Magnoliopsida_Asterales_Asteraceae_Osteospermum_moniliferum,0.3,10,0.8,10,30.0,80.0,50.0,Osteospermum moniliferum
06920_Plantae_Tracheophyta_Magnoliopsida_Asterales_Asteraceae_Palafoxia_callosa,0.6,10,0.6,10,60.0,60.0,0.0,Palafoxia callosa
06933_Plantae_Tracheophyta_Magnoliopsida_Asterales_Asteraceae_Phaenocoma_prolifera,0.7,10,0.8,10,70.0,80.0,10.0,Phaenocoma prolifera
06954_Plantae_Tracheophyta_Magnoliopsida_Asterales_Asteraceae_Pseudognaphalium_obtusifolium,0.4,10,0.6,10,40.0,60.0,20.0,Pseudognaphalium obtusifolium
06959_Plantae_Tracheophyta_Magnoliopsida_Asterales_Asteraceae_Rafinesquia_neomexicana,0.7,10,0.8,10,70.0,80.0,10.0,Rafinesquia neomexicana
06969_Plantae_Tracheophyta_Magnoliopsida_Asterales_Asteraceae_Senecio_ampullaceus,0.6,10,0.7,10,60.0,70.0,10.0,Senecio ampullaceus
06974_Plantae_Tracheophyta_Magnoliopsida_Asterales_Asteraceae_Senecio_inaequidens,0.3,10,0.4,10,30.0,40.0,10.0,Senecio inaequidens
06984_Plantae_Tracheophyta_Magnoliopsida_Asterales_Asteraceae_Senecio_vulgaris,0.4,10,0.6,10,40.0,60.0,20.0,Senecio vulgaris
07016_Plantae_Tracheophyta_Magnoliopsida_Asterales_Asteraceae_Stephanomeria_pauciflora,0.5,10,0.5,10,50.0,50.0,0.0,Stephanomeria pauciflora
07023_Plantae_Tracheophyta_Magnoliopsida_Asterales_Asteraceae_Symphyotrichum_laeve,0.4,10,0.6,10,40.0,60.0,20.0,Symphyotrichum laeve
07045_Plantae_Tracheophyta_Magnoliopsida_Asterales_Asteraceae_Thymophylla_pentachaeta,0.7,10,0.6,10,70.0,60.0,-10.0,Thymophylla pentachaeta
07096_Plantae_Tracheophyta_Magnoliopsida_Asterales_Campanulaceae_Campanula_sibirica,0.8,10,1.0,10,80.0,100.0,20.0,Campanula sibirica
07148_Plantae_Tracheophyta_Magnoliopsida_Boraginales_Boraginaceae_Euploca_tenella,0.5,10,0.8,10,50.0,80.0,30.0,Euploca tenella
07176_Plantae_Tracheophyta_Magnoliopsida_Boraginales_Boraginaceae_Nama_hispida,0.7,10,0.6,10,70.0,60.0,-10.0,Nama hispida
07196_Plantae_Tracheophyta_Magnoliopsida_Boraginales_Boraginaceae_Phacelia_parryi,0.8,10,1.0,10,80.0,100.0,20.0,Phacelia parryi
07205_Plantae_Tracheophyta_Magnoliopsida_Boraginales_Boraginaceae_Pulmonaria_officinalis,0.5,10,0.8,10,50.0,80.0,30.0,Pulmonaria officinalis
07207_Plantae_Tracheophyta_Magnoliopsida_Boraginales_Boraginaceae_Tiquilia_palmeri,0.4,10,0.9,10,40.0,90.0,50.0,Tiquilia palmeri
07247_Plantae_Tracheophyta_Magnoliopsida_Brassicales_Brassicaceae_Draba_cuneifolia,0.4,10,0.9,10,40.0,90.0,50.0,Draba cuneifolia
07259_Plantae_Tracheophyta_Magnoliopsida_Brassicales_Brassicaceae_Lepidium_lasiocarpum,0.5,10,0.5,10,50.0,50.0,0.0,Lepidium lasiocarpum
07266_Plantae_Tracheophyta_Magnoliopsida_Brassicales_Brassicaceae_Nasturtium_officinale,0.3,10,0.4,10,30.0,40.0,10.0,Nasturtium officinale
07270_Plantae_Tracheophyta_Magnoliopsida_Brassicales_Brassicaceae_Rapistrum_rugosum,0.5,10,0.6,10,50.0,60.0,10.0,Rapistrum rugosum
07304_Plantae_Tracheophyta_Magnoliopsida_Caryophyllales_Aizoaceae_Mesembryanthemum_cordifolium,0.6,10,0.7,10,60.0,70.0,10.0,Mesembryanthemum cordifolium
07338_Plantae_Tracheophyta_Magnoliopsida_Caryophyllales_Amaranthaceae_Salsola_tragus,0.3,10,0.5,10,30.0,50.0,20.0,Salsola tragus
07340_Plantae_Tracheophyta_Magnoliopsida_Caryophyllales_Cactaceae_Acanthocereus_tetragonus,0.4,10,0.5,10,40.0,50.0,10.0,Acanthocereus tetragonus
07396_Plantae_Tracheophyta_Magnoliopsida_Caryophyllales_Cactaceae_Opuntia_chlorotica,0.8,10,0.6,10,80.0,60.0,-20.0,Opuntia chlorotica
07414_Plantae_Tracheophyta_Magnoliopsida_Caryophyllales_Cactaceae_Pachycereus_pringlei,0.5,10,0.9,10,50.0,90.0,40.0,Pachycereus pringlei
07423_Plantae_Tracheophyta_Magnoliopsida_Caryophyllales_Caryophyllaceae_Cerastium_arvense,0.4,10,0.6,10,40.0,60.0,20.0,Cerastium arvense
07441_Plantae_Tracheophyta_Magnoliopsida_Caryophyllales_Caryophyllaceae_Rabelera_holostea,0.4,10,0.7,10,40.0,70.0,30.0,Rabelera holostea
07461_Plantae_Tracheophyta_Magnoliopsida_Caryophyllales_Caryophyllaceae_Spergula_arvensis,0.1,10,0.4,10,10.0,40.0,30.0,Spergula arvensis
07476_Plantae_Tracheophyta_Magnoliopsida_Caryophyllales_Droseraceae_Drosera_cistiflora,0.5,10,0.8,10,50.0,80.0,30.0,Drosera cistiflora
07486_Plantae_Tracheophyta_Magnoliopsida_Caryophyllales_Montiaceae_Calyptridium_monospermum,1.0,10,0.9,10,100.0,90.0,-10.0,Calyptridium monospermum
07493_Plantae_Tracheophyta_Magnoliopsida_Caryophyllales_Montiaceae_Claytonia_sibirica,0.4,10,0.6,10,40.0,60.0,20.0,Claytonia sibirica
07505_Plantae_Tracheophyta_Magnoliopsida_Caryophyllales_Nyctaginaceae_Mirabilis_multiflora,0.3,10,0.5,10,30.0,50.0,20.0,Mirabilis multiflora
07539_Plantae_Tracheophyta_Magnoliopsida_Caryophyllales_Polygonaceae_Fallopia_scandens,0.3,10,0.4,10,30.0,40.0,10.0,Fallopia scandens
07549_Plantae_Tracheophyta_Magnoliopsida_Caryophyllales_Polygonaceae_Persicaria_hydropiperoides,0.4,10,0.7,10,40.0,70.0,30.0,Persicaria hydropiperoides
07593_Plantae_Tracheophyta_Magnoliopsida_Cornales_Cornaceae_Cornus_alba,0.1,10,0.4,10,10.0,40.0,30.0,Cornus alba
07628_Plantae_Tracheophyta_Magnoliopsida_Cucurbitales_Cucurbitaceae_Marah_fabacea,0.2,10,0.5,10,20.0,50.0,30.0,Marah fabacea
07665_Plantae_Tracheophyta_Magnoliopsida_Dipsacales_Caprifoliaceae_Symphoricarpos_rotundifolius,0.2,10,0.4,10,20.0,40.0,20.0,Symphoricarpos rotundifolius
07690_Plantae_Tracheophyta_Magnoliopsida_Dipsacales_Viburnaceae_Viburnum_tinus,0.2,10,0.5,10,20.0,50.0,30.0,Viburnum tinus
07692_Plantae_Tracheophyta_Magnoliopsida_Ericales_Balsaminaceae_Impatiens_capensis,0.7,10,0.6,10,70.0,60.0,-10.0,Impatiens capensis
07693_Plantae_Tracheophyta_Magnoliopsida_Ericales_Balsaminaceae_Impatiens_glandulifera,0.5,10,0.6,10,50.0,60.0,10.0,Impatiens glandulifera
07711_Plantae_Tracheophyta_Magnoliopsida_Ericales_Ericaceae_Arctostaphylos_patula,0.7,10,0.8,10,70.0,80.0,10.0,Arctostaphylos patula
07715_Plantae_Tracheophyta_Magnoliopsida_Ericales_Ericaceae_Calluna_vulgaris,0.6,10,0.6,10,60.0,60.0,0.0,Calluna vulgaris
07764_Plantae_Tracheophyta_Magnoliopsida_Ericales_Ericaceae_Phyllodoce_empetriformis,0.6,10,0.8,10,60.0,80.0,20.0,Phyllodoce empetriformis
07784_Plantae_Tracheophyta_Magnoliopsida_Ericales_Ericaceae_Rhododendron_occidentale,0.8,10,0.8,10,80.0,80.0,0.0,Rhododendron occidentale
07789_Plantae_Tracheophyta_Magnoliopsida_Ericales_Ericaceae_Vaccinium_arboreum,0.1,10,0.2,10,10.0,20.0,10.0,Vaccinium arboreum
07803_Plantae_Tracheophyta_Magnoliopsida_Ericales_Fouquieriaceae_Fouquieria_splendens,0.5,10,0.7,10,50.0,70.0,20.0,Fouquieria splendens
07836_Plantae_Tracheophyta_Magnoliopsida_Ericales_Polemoniaceae_Phlox_subulata,0.5,10,0.6,10,50.0,60.0,10.0,Phlox subulata
07838_Plantae_Tracheophyta_Magnoliopsida_Ericales_Polemoniaceae_Polemonium_caeruleum,0.7,10,0.7,10,70.0,70.0,0.0,Polemonium caeruleum
07849_Plantae_Tracheophyta_Magnoliopsida_Ericales_Primulaceae_Lysimachia_borealis,0.7,10,0.8,10,70.0,80.0,10.0,Lysimachia borealis
07856_Plantae_Tracheophyta_Magnoliopsida_Ericales_Primulaceae_Lysimachia_nummularia,0.2,10,0.5,10,20.0,50.0,30.0,Lysimachia nummularia
07875_Plantae_Tracheophyta_Magnoliopsida_Ericales_Primulaceae_Samolus_parviflorus,0.3,10,0.4,10,30.0,40.0,10.0,Samolus parviflorus
07889_Plantae_Tracheophyta_Magnoliopsida_Fabales_Fabaceae_Acacia_cyclops,0.2,10,0.5,10,20.0,50.0,30.0,Acacia cyclops
07890_Plantae_Tracheophyta_Magnoliopsida_Fabales_Fabaceae_Acacia_dealbata,0.4,10,0.6,10,40.0,60.0,20.0,Acacia dealbata
07906_Plantae_Tracheophyta_Magnoliopsida_Fabales_Fabaceae_Amphicarpaea_bracteata,0.2,10,0.7,10,20.0,70.0,50.0,Amphicarpaea bracteata
07940_Plantae_Tracheophyta_Magnoliopsida_Fabales_Fabaceae_Clitoria_ternatea,0.8,10,0.8,10,80.0,80.0,0.0,Clitoria ternatea
07951_Plantae_Tracheophyta_Magnoliopsida_Fabales_Fabaceae_Desmodium_canadense,0.4,10,0.5,10,40.0,50.0,10.0,Desmodium canadense
07958_Plantae_Tracheophyta_Magnoliopsida_Fabales_Fabaceae_Erythrostemon_mexicanus,0.4,10,0.6,10,40.0,60.0,20.0,Erythrostemon mexicanus
07984_Plantae_Tracheophyta_Magnoliopsida_Fabales_Fabaceae_Lathyrus_pratensis,0.7,10,0.8,10,70.0,80.0,10.0,Lathyrus pratensis
08009_Plantae_Tracheophyta_Magnoliopsida_Fabales_Fabaceae_Lupinus_perennis,0.3,10,0.8,10,30.0,80.0,50.0,Lupinus perennis
08014_Plantae_Tracheophyta_Magnoliopsida_Fabales_Fabaceae_Lupinus_truncatus,0.6,10,0.8,10,60.0,80.0,20.0,Lupinus truncatus
08024_Plantae_Tracheophyta_Magnoliopsida_Fabales_Fabaceae_Melilotus_albus,0.6,10,0.7,10,60.0,70.0,10.0,Melilotus albus
08040_Plantae_Tracheophyta_Magnoliopsida_Fabales_Fabaceae_Parkinsonia_aculeata,0.3,10,0.5,10,30.0,50.0,20.0,Parkinsonia aculeata
08061_Plantae_Tracheophyta_Magnoliopsida_Fabales_Fabaceae_Senna_alata,0.4,10,0.8,10,40.0,80.0,40.0,Senna alata
08101_Plantae_Tracheophyta_Magnoliopsida_Fabales_Fabaceae_Trifolium_subterraneum,0.2,10,0.5,10,20.0,50.0,30.0,Trifolium subterraneum
08115_Plantae_Tracheophyta_Magnoliopsida_Fabales_Fabaceae_Vicia_hirsuta,0.5,10,0.6,10,50.0,60.0,10.0,Vicia hirsuta
08133_Plantae_Tracheophyta_Magnoliopsida_Fabales_Polygalaceae_Polygala_sanguinea,0.6,10,0.8,10,60.0,80.0,20.0,Polygala sanguinea
08141_Plantae_Tracheophyta_Magnoliopsida_Fagales_Betulaceae_Alnus_rhombifolia,0.2,10,0.6,10,20.0,60.0,40.0,Alnus rhombifolia
08156_Plantae_Tracheophyta_Magnoliopsida_Fagales_Betulaceae_Corylus_avellana,0.2,10,0.4,10,20.0,40.0,20.0,Corylus avellana
08184_Plantae_Tracheophyta_Magnoliopsida_Fagales_Fagaceae_Quercus_geminata,0.2,10,0.5,10,20.0,50.0,30.0,Quercus geminata
08188_Plantae_Tracheophyta_Magnoliopsida_Fagales_Fagaceae_Quercus_kelloggii,0.1,10,0.3,10,10.0,30.0,20.0,Quercus kelloggii
08259_Plantae_Tracheophyta_Magnoliopsida_Gentianales_Apocynaceae_Asclepias_verticillata,0.6,10,0.5,10,60.0,50.0,-10.0,Asclepias verticillata
08263_Plantae_Tracheophyta_Magnoliopsida_Gentianales_Apocynaceae_Calotropis_procera,0.8,10,0.9,10,80.0,90.0,10.0,Calotropis procera
08264_Plantae_Tracheophyta_Magnoliopsida_Gentianales_Apocynaceae_Carissa_bispinosa,0.2,10,0.4,10,20.0,40.0,20.0,Carissa bispinosa
08298_Plantae_Tracheophyta_Magnoliopsida_Gentianales_Gentianaceae_Gentiana_andrewsii,0.7,10,0.8,10,70.0,80.0,10.0,Gentiana andrewsii
08317_Plantae_Tracheophyta_Magnoliopsida_Gentianales_Loganiaceae_Geniostoma_ligustrifolium,0.3,10,0.5,10,30.0,50.0,20.0,Geniostoma ligustrifolium
08410_Plantae_Tracheophyta_Magnoliopsida_Lamiales_Acanthaceae_Thunbergia_alata,0.5,10,0.8,10,50.0,80.0,30.0,Thunbergia alata
08423_Plantae_Tracheophyta_Magnoliopsida_Lamiales_Lamiaceae_Agastache_foeniculum,0.5,10,0.7,10,50.0,70.0,20.0,Agastache foeniculum
08426_Plantae_Tracheophyta_Magnoliopsida_Lamiales_Lamiaceae_Ajuga_genevensis,0.7,10,0.7,10,70.0,70.0,0.0,Ajuga genevensis
08427_Plantae_Tracheophyta_Magnoliopsida_Lamiales_Lamiaceae_Ajuga_reptans,0.2,10,0.5,10,20.0,50.0,30.0,Ajuga reptans
08492_Plantae_Tracheophyta_Magnoliopsida_Lamiales_Lamiaceae_Salvia_mellifera,0.3,10,0.6,10,30.0,60.0,30.0,Salvia mellifera
08548_Plantae_Tracheophyta_Magnoliopsida_Lamiales_Oleaceae_Fraxinus_latifolia,0.1,10,0.2,10,10.0,20.0,10.0,Fraxinus latifolia
08549_Plantae_Tracheophyta_Magnoliopsida_Lamiales_Oleaceae_Fraxinus_nigra,0.2,10,0.5,10,20.0,50.0,30.0,Fraxinus nigra
08577_Plantae_Tracheophyta_Magnoliopsida_Lamiales_Orobanchaceae_Castilleja_indivisa,0.8,10,1.0,10,80.0,100.0,20.0,Castilleja indivisa
08581_Plantae_Tracheophyta_Magnoliopsida_Lamiales_Orobanchaceae_Castilleja_miniata,0.3,10,0.8,10,30.0,80.0,50.0,Castilleja miniata
08627_Plantae_Tracheophyta_Magnoliopsida_Lamiales_Phrymaceae_Erythranthe_guttata,0.4,10,0.5,10,40.0,50.0,10.0,Erythranthe guttata
08683_Plantae_Tracheophyta_Magnoliopsida_Lamiales_Plantaginaceae_Plantago_virginica,0.4,10,0.4,10,40.0,40.0,0.0,Plantago virginica
08694_Plantae_Tracheophyta_Magnoliopsida_Lamiales_Plantaginaceae_Veronica_hederifolia,0.4,10,0.7,10,40.0,70.0,30.0,Veronica hederifolia
08705_Plantae_Tracheophyta_Magnoliopsida_Lamiales_Plantaginaceae_Veronica_teucrium,0.6,10,0.8,10,60.0,80.0,20.0,Veronica teucrium
08707_Plantae_Tracheophyta_Magnoliopsida_Lamiales_Plantaginaceae_Veronicastrum_virginicum,0.6,10,0.7,10,60.0,70.0,10.0,Veronicastrum virginicum
08719_Plantae_Tracheophyta_Magnoliopsida_Lamiales_Scrophulariaceae_Verbascum_virgatum,0.5,10,0.7,10,50.0,70.0,20.0,Verbascum virgatum
08752_Plantae_Tracheophyta_Magnoliopsida_Laurales_Lauraceae_Persea_americana,0.2,10,0.2,10,20.0,20.0,0.0,Persea americana
08768_Plantae_Tracheophyta_Magnoliopsida_Malpighiales_Euphorbiaceae_Cnidoscolus_stimulosus,0.8,10,1.0,10,80.0,100.0,20.0,Cnidoscolus stimulosus
08787_Plantae_Tracheophyta_Magnoliopsida_Malpighiales_Euphorbiaceae_Euphorbia_cyparissias,0.7,10,0.8,10,70.0,80.0,10.0,Euphorbia cyparissias
08842_Plantae_Tracheophyta_Magnoliopsida_Malpighiales_Passifloraceae_Passiflora_caerulea,0.7,10,0.9,10,70.0,90.0,20.0,Passiflora caerulea
08882_Plantae_Tracheophyta_Magnoliopsida_Malpighiales_Violaceae_Melicytus_alpinus,0.6,10,0.7,10,60.0,70.0,10.0,Melicytus alpinus
08898_Plantae_Tracheophyta_Magnoliopsida_Malpighiales_Violaceae_Viola_mirabilis,0.2,10,0.8,10,20.0,80.0,60.0,Viola mirabilis
08924_Plantae_Tracheophyta_Magnoliopsida_Malvales_Cistaceae_Cistus_salviifolius,0.6,10,0.9,10,60.0,90.0,30.0,Cistus salviifolius
08950_Plantae_Tracheophyta_Magnoliopsida_Malvales_Malvaceae_Hibiscus_trionum,0.4,10,0.7,10,40.0,70.0,30.0,Hibiscus trionum
08971_Plantae_Tracheophyta_Magnoliopsida_Malvales_Malvaceae_Plagianthus_regius,0.0,10,0.2,10,0.0,20.0,20.0,Plagianthus regius
09014_Plantae_Tracheophyta_Magnoliopsida_Myrtales_Myrtaceae_Lophomyrtus_bullata,0.3,10,0.7,10,30.0,70.0,40.0,Lophomyrtus bullata
09075_Plantae_Tracheophyta_Magnoliopsida_Myrtales_Onagraceae_Taraxia_ovata,0.7,10,0.9,10,70.0,90.0,20.0,Taraxia ovata
09077_Plantae_Tracheophyta_Magnoliopsida_Myrtales_Penaeaceae_Saltera_sarcocolla,0.8,10,0.7,10,80.0,70.0,-10.0,Saltera sarcocolla
09090_Plantae_Tracheophyta_Magnoliopsida_Oxalidales_Elaeocarpaceae_Elaeocarpus_hookerianus,0.0,10,0.1,10,0.0,10.0,10.0,Elaeocarpus hookerianus
09113_Plantae_Tracheophyta_Magnoliopsida_Piperales_Aristolochiaceae_Endodeca_serpentaria,0.4,10,0.7,10,40.0,70.0,30.0,Endodeca serpentaria
09117_Plantae_Tracheophyta_Magnoliopsida_Piperales_Saururaceae_Houttuynia_cordata,0.3,10,0.5,10,30.0,50.0,20.0,Houttuynia cordata
09170_Plantae_Tracheophyta_Magnoliopsida_Ranunculales_Papaveraceae_Dicentra_canadensis,0.4,10,0.8,10,40.0,80.0,40.0,Dicentra canadensis
09180_Plantae_Tracheophyta_Magnoliopsida_Ranunculales_Papaveraceae_Fumaria_officinalis,1.0,10,0.8,10,100.0,80.0,-20.0,Fumaria officinalis
09198_Plantae_Tracheophyta_Magnoliopsida_Ranunculales_Ranunculaceae_Actaea_pachypoda,0.6,10,0.8,10,60.0,80.0,20.0,Actaea pachypoda
09215_Plantae_Tracheophyta_Magnoliopsida_Ranunculales_Ranunculaceae_Aquilegia_atrata,0.5,10,0.5,10,50.0,50.0,0.0,Aquilegia atrata
09221_Plantae_Tracheophyta_Magnoliopsida_Ranunculales_Ranunculaceae_Aquilegia_vulgaris,0.5,10,0.8,10,50.0,80.0,30.0,Aquilegia vulgaris
09234_Plantae_Tracheophyta_Magnoliopsida_Ranunculales_Ranunculaceae_Clematis_texensis,0.6,10,0.6,10,60.0,60.0,0.0,Clematis texensis
09241_Plantae_Tracheophyta_Magnoliopsida_Ranunculales_Ranunculaceae_Delphinium_glaucum,0.7,10,0.7,10,70.0,70.0,0.0,Delphinium glaucum
09259_Plantae_Tracheophyta_Magnoliopsida_Ranunculales_Ranunculaceae_Ranunculus_abortivus,0.3,10,0.6,10,30.0,60.0,30.0,Ranunculus abortivus
09260_Plantae_Tracheophyta_Magnoliopsida_Ranunculales_Ranunculaceae_Ranunculus_acris,0.6,10,0.7,10,60.0,70.0,10.0,Ranunculus acris
09261_Plantae_Tracheophyta_Magnoliopsida_Ranunculales_Ranunculaceae_Ranunculus_aquatilis,0.4,10,0.4,10,40.0,40.0,0.0,Ranunculus aquatilis
09268_Plantae_Tracheophyta_Magnoliopsida_Ranunculales_Ranunculaceae_Ranunculus_glaberrimus,0.8,10,0.9,10,80.0,90.0,10.0,Ranunculus glaberrimus
09276_Plantae_Tracheophyta_Magnoliopsida_Ranunculales_Ranunculaceae_Thalictrum_aquilegiifolium,0.4,10,0.6,10,40.0,60.0,20.0,Thalictrum aquilegiifolium
09313_Plantae_Tracheophyta_Magnoliopsida_Rosales_Moraceae_Morus_alba,0.2,10,0.3,10,20.0,30.0,10.0,Morus alba
09318_Plantae_Tracheophyta_Magnoliopsida_Rosales_Rhamnaceae_Ceanothus_americanus,0.4,10,0.5,10,40.0,50.0,10.0,Ceanothus americanus
09331_Plantae_Tracheophyta_Magnoliopsida_Rosales_Rhamnaceae_Ceanothus_thyrsiflorus,0.7,10,0.5,10,70.0,50.0,-20.0,Ceanothus thyrsiflorus
09338_Plantae_Tracheophyta_Magnoliopsida_Rosales_Rhamnaceae_Frangula_californica,0.3,10,0.5,10,30.0,50.0,20.0,Frangula californica
09370_Plantae_Tracheophyta_Magnoliopsida_Rosales_Rosaceae_Coleogyne_ramosissima,0.5,10,0.6,10,50.0,60.0,10.0,Coleogyne ramosissima
09483_Plantae_Tracheophyta_Magnoliopsida_Rosales_Rosaceae_Sanguisorba_minor,0.1,10,0.4,10,10.0,40.0,30.0,Sanguisorba minor
09498_Plantae_Tracheophyta_Magnoliopsida_Rosales_Ulmaceae_Ulmus_alata,0.2,10,0.1,10,20.0,10.0,-10.0,Ulmus alata
09511_Plantae_Tracheophyta_Magnoliopsida_Rosales_Urticaceae_Parietaria_judaica,0.3,10,0.5,10,30.0,50.0,20.0,Parietaria judaica
09539_Plantae_Tracheophyta_Magnoliopsida_Sapindales_Anacardiaceae_Rhus_microphylla,0.4,10,0.5,10,40.0,50.0,10.0,Rhus microphylla
09689_Plantae_Tracheophyta_Magnoliopsida_Solanales_Convolvulaceae_Evolvulus_alsinoides,0.4,10,0.8,10,40.0,80.0,40.0,Evolvulus alsinoides
09752_Plantae_Tracheophyta_Magnoliopsida_Vitales_Vitaceae_Ampelopsis_cordata,0.7,10,0.8,10,70.0,80.0,10.0,Ampelopsis cordata
09768_Plantae_Tracheophyta_Magnoliopsida_Zygophyllales_Zygophyllaceae_Fagonia_laevis,0.7,10,0.8,10,70.0,80.0,10.0,Fagonia laevis
09771_Plantae_Tracheophyta_Magnoliopsida_Zygophyllales_Zygophyllaceae_Kallstroemia_grandiflora,0.6,10,0.9,10,60.0,90.0,30.0,Kallstroemia grandiflora
09787_Plantae_Tracheophyta_Pinopsida_Pinales_Cupressaceae_Juniperus_oxycedrus,0.5,10,0.3,10,50.0,30.0,-20.0,Juniperus oxycedrus
09804_Plantae_Tracheophyta_Pinopsida_Pinales_Pinaceae_Larix_laricina,0.2,10,0.6,10,20.0,60.0,40.0,Larix laricina
09808_Plantae_Tracheophyta_Pinopsida_Pinales_Pinaceae_Picea_engelmannii,0.2,10,0.8,10,20.0,80.0,60.0,Picea engelmannii
09822_Plantae_Tracheophyta_Pinopsida_Pinales_Pinaceae_Pinus_elliottii,0.2,10,0.6,10,20.0,60.0,40.0,Pinus elliottii
09856_Plantae_Tracheophyta_Pinopsida_Pinales_Taxaceae_Taxus_baccata,0.4,10,0.7,10,40.0,70.0,30.0,Taxus baccata
09895_Plantae_Tracheophyta_Polypodiopsida_Polypodiales_Aspleniaceae_Asplenium_flaccidum,0.6,10,0.8,10,60.0,80.0,20.0,Asplenium flaccidum
09951_Plantae_Tracheophyta_Polypodiopsida_Polypodiales_Nephrolepidaceae_Nephrolepis_cordifolia,0.7,10,1.0,10,70.0,100.0,30.0,Nephrolepis cordifolia
09965_Plantae_Tracheophyta_Polypodiopsida_Polypodiales_Pteridaceae_Acrostichum_danaeifolium,0.7,10,0.8,10,70.0,80.0,10.0,Acrostichum danaeifolium
09980_Plantae_Tracheophyta_Polypodiopsida_Polypodiales_Pteridaceae_Pellaea_glabella,0.3,10,0.8,10,30.0,80.0,50.0,Pellaea glabella
